80d75fb0-3db5-486c-b57b-fad073e3818f,2024-06-09 17:15:31,2024-06-09 17:15:31,Yvor Rivel,19710762,71928770,6454f1d5-916c-4d58-bdb5-bd9becfbbed1
b541059b-c9e9-4c57-860d-1c6f48f616aa,2024-06-09 17:15:31,2024-06-09 17:15:31,Herculie Pitcher,59998367,49257220,6454f1d5-916c-4d58-bdb5-bd9becfbbed1
d38e6031-7bc0-472e-bc44-5711390104a3,2024-06-09 17:15:31,2024-06-09 17:15:31,Neville Blasl,63642876,06229217,6454f1d5-916c-4d58-bdb5-bd9becfbbed1
543ee2b9-0c08-4bc1-9528-d21d321169a8,2024-06-09 17:15:31,2024-06-09 17:15:31,Andrea Lodemann,84934198,48878241,6454f1d5-916c-4d58-bdb5-bd9becfbbed1
114ff170-12ee-4ce3-ad57-f8aaf9ecf5ca,2024-06-09 17:15:31,2024-06-09 17:15:31,Sarina Cobbold,05387044,25447055,6454f1d5-916c-4d58-bdb5-bd9becfbbed1
91f796a3-3e29-42fc-ba29-4d90752e7a66,2024-06-09 17:15:31,2024-06-09 17:15:31,Flynn Haley,46503583,45035102,6454f1d5-916c-4d58-bdb5-bd9becfbbed1
6f6fab98-69ec-4344-bd0f-c728dad7816e,2024-06-09 17:15:31,2024-06-09 17:15:31,Vittoria Charte,16280498,90425879,6454f1d5-916c-4d58-bdb5-bd9becfbbed1
7b3443bf-1509-4339-9f31-a7a2b2fe1dd8,2024-06-09 17:15:31,2024-06-09 17:15:31,Alicea Reppaport,35908173,72821355,6454f1d5-916c-4d58-bdb5-bd9becfbbed1
ec73de26-1f4a-43e5-8ff6-089f8f9826ba,2024-06-09 17:15:31,2024-06-09 17:15:31,Lennie Peck,64719714,17648525,6454f1d5-916c-4d58-bdb5-bd9becfbbed1
bc847e44-22dc-4e10-a043-18a99971dc4d,2024-06-09 17:15:31,2024-06-09 17:15:31,Ced Hargie,75297984,46783553,6454f1d5-916c-4d58-bdb5-bd9becfbbed1
72d16408-31b2-4e51-aa13-b5aec3c0735a,2024-06-09 17:15:31,2024-06-09 17:15:31,Carly Maxworthy,73890361,85674332,6454f1d5-916c-4d58-bdb5-bd9becfbbed1
ef69635f-cf04-44c2-9f67-7207b759a76d,2024-06-09 17:15:31,2024-06-09 17:15:31,Bordie Dunabie,56416795,51612339,6454f1d5-916c-4d58-bdb5-bd9becfbbed1
b455380c-f15e-4bc5-a7b7-430d84de41ca,2024-06-09 17:15:31,2024-06-09 17:15:31,Kizzie Bessey,96232687,76127469,6454f1d5-916c-4d58-bdb5-bd9becfbbed1
84a19083-fdb5-4ffc-84be-076e898f95bf,2024-06-09 17:15:31,2024-06-09 17:15:31,Meyer Pailin,62134056,84660922,6454f1d5-916c-4d58-bdb5-bd9becfbbed1
7210495c-6f65-416c-a122-dd61947cb6d8,2024-06-09 17:15:31,2024-06-09 17:15:31,Tabitha Stichall,68992502,89358728,6454f1d5-916c-4d58-bdb5-bd9becfbbed1
e2eac8f1-9122-4fec-9e97-789468bbe775,2024-06-09 17:15:31,2024-06-09 17:15:31,Carley Addis,15136646,11665167,6454f1d5-916c-4d58-bdb5-bd9becfbbed1
b45cfa39-62aa-455c-9c08-f7c3244530bc,2024-06-09 17:15:31,2024-06-09 17:15:31,Davina Tewnion,14992692,68038738,6454f1d5-916c-4d58-bdb5-bd9becfbbed1
53bc49e8-c1a7-48cf-b514-e7d0887259bb,2024-06-09 17:15:31,2024-06-09 17:15:31,Dorelia Strange,09995908,01171067,6454f1d5-916c-4d58-bdb5-bd9becfbbed1
7a67436d-0980-4e35-aa1d-dc57563f5634,2024-06-09 17:15:31,2024-06-09 17:15:31,Alvin Taillard,42457091,10567050,6454f1d5-916c-4d58-bdb5-bd9becfbbed1
da1eb0b5-0348-4360-ac8f-395fb86e54a0,2024-06-09 17:15:31,2024-06-09 17:15:31,Becca Goldthorp,35625190,01275632,6454f1d5-916c-4d58-bdb5-bd9becfbbed1
f7cb7256-f55a-4023-a28f-3e3640cad256,2024-06-09 17:15:31,2024-06-09 17:15:31,Melanie Cron,79203898,46413885,6454f1d5-916c-4d58-bdb5-bd9becfbbed1
c6b84e2d-a62f-45f5-a5b1-c75535cb32ec,2024-06-09 17:15:31,2024-06-09 17:15:31,Joana Carabine,50200303,33278584,6454f1d5-916c-4d58-bdb5-bd9becfbbed1
c6b0d58b-a4e1-4dd3-80ed-f0cdc0f4d8b2,2024-06-09 17:15:31,2024-06-09 17:15:31,Catie Cathrall,36648692,72272024,6454f1d5-916c-4d58-bdb5-bd9becfbbed1
1b524112-32c1-4dc7-bffc-e7f3bad9fb16,2024-06-09 17:15:31,2024-06-09 17:15:31,Aube Shevlan,32065334,91090963,6454f1d5-916c-4d58-bdb5-bd9becfbbed1
bd8edc8e-9347-4edc-bd7c-d8d6648cfb2b,2024-06-09 17:15:31,2024-06-09 17:15:31,Ragnar Lamputt,27466656,89691992,6454f1d5-916c-4d58-bdb5-bd9becfbbed1
f334d824-7c34-4530-afab-9f4d5d9ccae4,2024-06-09 17:15:31,2024-06-09 17:15:31,Jere McCrudden,96390316,99396000,6454f1d5-916c-4d58-bdb5-bd9becfbbed1
66cfabbf-c78d-4cc7-bf3d-83a169d7bd20,2024-06-09 17:15:31,2024-06-09 17:15:31,Carney Morsey,89440792,69370004,6454f1d5-916c-4d58-bdb5-bd9becfbbed1
0ea2ec61-454c-47fb-b0b1-aad31f07133f,2024-06-09 17:15:31,2024-06-09 17:15:31,Sile Balazot,67366378,68693890,6454f1d5-916c-4d58-bdb5-bd9becfbbed1
c105fe17-9002-4ea6-b81d-b2828fc5cc9d,2024-06-09 17:15:31,2024-06-09 17:15:31,Agnella Davidovics,42420140,64289276,6454f1d5-916c-4d58-bdb5-bd9becfbbed1
db6428b3-7729-447f-a795-f5730fcdedb4,2024-06-09 17:15:31,2024-06-09 17:15:31,Welch Brickham,99290057,98136815,6454f1d5-916c-4d58-bdb5-bd9becfbbed1
f2dfe929-503f-4917-918e-dcabb02e9ec0,2024-06-09 17:15:31,2024-06-09 17:15:31,Kristina Petersen,10011200,56783605,6454f1d5-916c-4d58-bdb5-bd9becfbbed1
353a973c-9adc-44cd-a896-ef9e05d9c690,2024-06-09 17:15:31,2024-06-09 17:15:31,Corinne Quickenden,67950581,94633480,6454f1d5-916c-4d58-bdb5-bd9becfbbed1
c6745b2e-6fce-4f7b-a242-c492887c07e9,2024-06-09 17:15:31,2024-06-09 17:15:31,Seka Dawks,21970822,83698572,6454f1d5-916c-4d58-bdb5-bd9becfbbed1
dbc7fb4b-561b-428f-b6e5-ce133fd799fc,2024-06-09 17:15:31,2024-06-09 17:15:31,Rora Kelleway,98798790,71465617,6454f1d5-916c-4d58-bdb5-bd9becfbbed1
a0847f2a-a882-4576-86ea-04748d9491b1,2024-06-09 17:15:31,2024-06-09 17:15:31,Gracia Stilgoe,96033867,15702095,6454f1d5-916c-4d58-bdb5-bd9becfbbed1
26ba85ce-d08e-4b3e-b42d-0c92e9c87bbf,2024-06-09 17:15:31,2024-06-09 17:15:31,Hube Queyeiro,90988281,80319705,6454f1d5-916c-4d58-bdb5-bd9becfbbed1
d7bda79f-e6e4-4cce-8c89-296e0ae7a0f4,2024-06-09 17:15:31,2024-06-09 17:15:31,Paola Hollows,93112712,04439009,6454f1d5-916c-4d58-bdb5-bd9becfbbed1
b7eeca0a-0c0d-48f3-82f1-33490a1db03d,2024-06-09 17:15:31,2024-06-09 17:15:31,Melloney Prestwich,93560615,76347505,6454f1d5-916c-4d58-bdb5-bd9becfbbed1
22c05ec4-8dc8-479d-8f05-fb05fb6c0bf3,2024-06-09 17:15:31,2024-06-09 17:15:31,Lesly Quail,76931126,85621761,6454f1d5-916c-4d58-bdb5-bd9becfbbed1
aa8400a4-ee0f-423d-99a9-4354e6664f1f,2024-06-09 17:15:31,2024-06-09 17:15:31,Paolo Point,28195989,99956684,6454f1d5-916c-4d58-bdb5-bd9becfbbed1
51860664-9795-4727-b37b-b9f60afeb5d7,2024-06-09 17:15:31,2024-06-09 17:15:31,Adriane Dick,45449847,40799677,6454f1d5-916c-4d58-bdb5-bd9becfbbed1
62cef2d9-bd2d-4e3c-a3d2-1e21e1a20c63,2024-06-09 17:15:31,2024-06-09 17:15:31,Natty Johanning,80959490,24898927,6454f1d5-916c-4d58-bdb5-bd9becfbbed1
b7d3c5b1-17fe-4e46-99cb-2094ec2f50ad,2024-06-09 17:15:31,2024-06-09 17:15:31,Darn Reichardt,80999615,22309364,6454f1d5-916c-4d58-bdb5-bd9becfbbed1
e32eec12-3457-4d9c-9637-8dd306a1b62d,2024-06-09 17:15:31,2024-06-09 17:15:31,Ariel Flewin,47714773,94247251,6454f1d5-916c-4d58-bdb5-bd9becfbbed1
7229d56b-ff73-445d-8469-8e9a1b3b870d,2024-06-09 17:15:31,2024-06-09 17:15:31,Janenna Grcic,44568327,51821530,6454f1d5-916c-4d58-bdb5-bd9becfbbed1
11682cd1-b6ba-4cfe-b4e4-28f59b484949,2024-06-09 17:15:31,2024-06-09 17:15:31,Royal Franks,64909946,29174940,6454f1d5-916c-4d58-bdb5-bd9becfbbed1
421f46ee-8f65-4505-8cc6-9b25c584a228,2024-06-09 17:15:31,2024-06-09 17:15:31,Glyn Gierok,67733704,49138319,6454f1d5-916c-4d58-bdb5-bd9becfbbed1
aaa3e8b5-d93a-4702-aaf8-3aafb28d68e8,2024-06-09 17:15:31,2024-06-09 17:15:31,Xylia Penning,78253921,85588075,6454f1d5-916c-4d58-bdb5-bd9becfbbed1
1059bcbb-6b62-40d2-86cc-12e1e3aa6e9e,2024-06-09 17:15:31,2024-06-09 17:15:31,Lorianna Maleby,43249004,81570955,6454f1d5-916c-4d58-bdb5-bd9becfbbed1
ab6d68ba-e8f5-4e03-8271-768fe0dce1ea,2024-06-09 17:15:31,2024-06-09 17:15:31,Lavinie Sawell,74399726,96513979,6454f1d5-916c-4d58-bdb5-bd9becfbbed1
